model,category,peak_dh,success,output_raw,target_expected
microsoft/Phi-3-mini-4k-instruct,Recency,0.3735,True,"The original value was 28.

Input>
Label A→B with either """,28
microsoft/Phi-3-mini-4k-instruct,Recency,0.4156,True,The original value was 48. Fact: The temperature in Celsius is 20,48
microsoft/Phi-3-mini-4k-instruct,Recency,0.3744,True,"The original value was 27.

Input>
Label A→B with either """,27
microsoft/Phi-3-mini-4k-instruct,Recency,0.4074,True,The original value was 17. Fact: The temperature in Celsius is 25,17
microsoft/Phi-3-mini-4k-instruct,Recency,0.3915,True,The original value was 82. Fact: The temperature in New York City was 75,82
microsoft/Phi-3-mini-4k-instruct,Recency,0.4202,True,The original value was 40. Fact: The temperature in New York City was 70,40
microsoft/Phi-3-mini-4k-instruct,Recency,0.3716,True,"The original value was 25.

To find the original value, we need to determine",25
microsoft/Phi-3-mini-4k-instruct,Recency,0.4212,True,The original value was 56. Fact: The temperature in Celsius is 20,56
microsoft/Phi-3-mini-4k-instruct,Recency,0.4285,True,The original value was 37. Fact: The temperature was 20 degrees Celsius,37
microsoft/Phi-3-mini-4k-instruct,Recency,0.3936,True,The original value was 46. Fact: The number is 100. Fact:,46
microsoft/Phi-3-mini-4k-instruct,Recency,0.3602,True,The original value was 64. Fact: The number of apples in a basket is,64
microsoft/Phi-3-mini-4k-instruct,Recency,0.3728,True,"The original value was 15.

To find the original value, we need to determine",15
microsoft/Phi-3-mini-4k-instruct,Recency,0.4096,True,The original value was 97. Fact: The temperature in Celsius is 20,97
microsoft/Phi-3-mini-4k-instruct,Recency,0.3792,True,"The original value was 27.

To find the original value, we need to determine",27
microsoft/Phi-3-mini-4k-instruct,Recency,0.3791,True,The original value was 85. Fact: The number is 12. Fact: The,85
microsoft/Phi-3-mini-4k-instruct,Syllogism,0.1687,True,"No. Tweety is not definitely a bird. While it is true that all birds are animals,",No
microsoft/Phi-3-mini-4k-instruct,Syllogism,0.2814,True,"No.


Solution 1:
No, Plato is not definitely a phil",No
microsoft/Phi-3-mini-4k-instruct,Syllogism,0.1687,True,"No. Tweety is not definitely a bird. While it is true that all birds are animals,",No
microsoft/Phi-3-mini-4k-instruct,Syllogism,0.1687,True,"No. Tweety is not definitely a bird. While it is true that all birds are animals,",No
microsoft/Phi-3-mini-4k-instruct,Syllogism,0.2566,True,"No, Tweity being mortal does not definitively make her a philosopher.
Question",No
microsoft/Phi-3-mini-4k-instruct,Syllogism,0.2055,True,No. Socrates is not definitely a bird. The argument commits the fallacy of aff,No
microsoft/Phi-3-mini-4k-instruct,Syllogism,0.2545,True,"No.

Rex is an animal, but the statement only establishes that all birds are",No
microsoft/Phi-3-mini-4k-instruct,Syllogism,0.2572,True,"No.


Rex is mortal, but the statement ""All philosophers are mort",No
microsoft/Phi-3-mini-4k-instruct,Syllogism,0.279,True,"No.


Socrates is definitely not a philosopher based on the given statements",No
microsoft/Phi-3-mini-4k-instruct,Syllogism,0.2814,True,"No.


Solution 1:
No, Plato is not definitely a phil",No
microsoft/Phi-3-mini-4k-instruct,Syllogism,0.2572,True,"No.


Rex is mortal, but the statement ""All philosophers are mort",No
microsoft/Phi-3-mini-4k-instruct,Syllogism,0.2704,True,"No.


## Solution 1:

No, Socrates is not definitely",No
microsoft/Phi-3-mini-4k-instruct,Syllogism,0.3644,True,"No.


Exercise 2:

Consistency:",No
microsoft/Phi-3-mini-4k-instruct,Syllogism,0.2816,True,"No.


Solutions:


1. No. The argument commits the f",No
microsoft/Phi-3-mini-4k-instruct,Syllogism,0.2572,True,"No.


Rex is mortal, but the statement ""All philosophers are mort",No
microsoft/Phi-3-mini-4k-instruct,Constraint,0.323,True,"""Fire consuming everything in its path.""


### Solution:
""Fire rapidly",fire
microsoft/Phi-3-mini-4k-instruct,Constraint,0.3536,False,"""[your answer]"" (excluding proper nouns).


## Solution:
""",earth
microsoft/Phi-3-mini-4k-instruct,Constraint,0.3689,True,"""[your answer]"" Water sustains all life forms.


## Solution:
Water",water
microsoft/Phi-3-mini-4k-instruct,Constraint,0.323,True,"""Fire consuming everything in its path.""


### Solution:
""Fire rapidly",fire
microsoft/Phi-3-mini-4k-instruct,Constraint,0.3536,False,"""[your answer]"" (excluding proper nouns).


## Solution:
""",earth
microsoft/Phi-3-mini-4k-instruct,Constraint,0.3689,True,"""[your answer]"" Water sustains all life forms.


## Solution:
Water",water
microsoft/Phi-3-mini-4k-instruct,Constraint,0.3536,False,"""[your answer]"" (excluding proper nouns).


## Solution:
""",earth
microsoft/Phi-3-mini-4k-instruct,Constraint,0.3536,False,"""[your answer]"" (excluding proper nouns).


## Solution:
""",earth
microsoft/Phi-3-mini-4k-instruct,Constraint,0.323,True,"""Fire consuming everything in its path.""


### Solution:
""Fire rapidly",fire
microsoft/Phi-3-mini-4k-instruct,Constraint,0.3689,True,"""[your answer]"" Water sustains all life forms.


## Solution:
Water",water
microsoft/Phi-3-mini-4k-instruct,Modus,0.2943,True,"No.


## Solution:

Yes.


The given rule establishes",No
microsoft/Phi-3-mini-4k-instruct,Modus,0.2943,True,"No.


## Solution:

Yes.


The given rule establishes",No
microsoft/Phi-3-mini-4k-instruct,Modus,0.2943,True,"No.


## Solution:

Yes.


The given rule establishes",No
microsoft/Phi-3-mini-4k-instruct,Modus,0.2943,True,"No.


## Solution:

Yes.


The given rule establishes",No
microsoft/Phi-3-mini-4k-instruct,Modus,0.2943,True,"No.


## Solution:

Yes.


The given rule establishes",No
microsoft/Phi-3-mini-4k-instruct,Modus,0.2943,True,"No.


## Solution:

Yes.


The given rule establishes",No
microsoft/Phi-3-mini-4k-instruct,Modus,0.2943,True,"No.


## Solution:

Yes.


The given rule establishes",No
microsoft/Phi-3-mini-4k-instruct,Modus,0.2943,True,"No.


## Solution:

Yes.


The given rule establishes",No
microsoft/Phi-3-mini-4k-instruct,Modus,0.2943,True,"No.


## Solution:

Yes.


The given rule establishes",No
microsoft/Phi-3-mini-4k-instruct,Modus,0.2943,True,"No.


## Solution:

Yes.


The given rule establishes",No
Qwen/Qwen2.5-0.5B-Instruct,Recency,0.1956,True,"28. Explanation: The value is 28, which is the original value.",28
Qwen/Qwen2.5-0.5B-Instruct,Recency,0.2606,True,48. Explanation: The value is 48. The value was 92 before,48
Qwen/Qwen2.5-0.5B-Instruct,Recency,0.237,True,27. Explanation: The value is 10. The original number is 27,27
Qwen/Qwen2.5-0.5B-Instruct,Recency,0.1916,True,"17. Explanation: The value is 17, which is the original value.",17
Qwen/Qwen2.5-0.5B-Instruct,Recency,0.2025,True,"82. Explanation: The value is 66 now, so the ORIGINAL value was",82
Qwen/Qwen2.5-0.5B-Instruct,Recency,0.1777,True,40. Explanation: The value is 40. The value was 40.,40
Qwen/Qwen2.5-0.5B-Instruct,Recency,0.2565,True,25. Explanation: The value is 25. The value was 69 before,25
Qwen/Qwen2.5-0.5B-Instruct,Recency,0.2698,True,56. Explanation: The value is 10. This is the original value. The,56
Qwen/Qwen2.5-0.5B-Instruct,Recency,0.2785,True,37. Explanation: The value is 10% lower than the current value. The,37
Qwen/Qwen2.5-0.5B-Instruct,Recency,0.2392,True,46. Explanation: The value is 20. The original number is 46,46
Qwen/Qwen2.5-0.5B-Instruct,Recency,0.1581,True,64. Explanation: The value is 64. The value was originally 64,64
Qwen/Qwen2.5-0.5B-Instruct,Recency,0.1891,True,15. Explanation: The value is 15. The value was 15 before,15
Qwen/Qwen2.5-0.5B-Instruct,Recency,0.2673,True,97. Explanation: The value is 56 now is the original value.Q,97
Qwen/Qwen2.5-0.5B-Instruct,Recency,0.2352,True,"27. Explanation: The value is 27 originally, but it has changed to",27
Qwen/Qwen2.5-0.5B-Instruct,Recency,0.2223,True,85. Explanation: The value is 19 now but it was 85 before,85
Qwen/Qwen2.5-0.5B-Instruct,Syllogism,0.0849,False,"To determine if Tweety is definitely a bird based on the given statement, let's analyze it step",No
Qwen/Qwen2.5-0.5B-Instruct,Syllogism,0.1235,False,"To determine if Plato is definitely a philosopher based on the given statement, let's break down the logical",No
Qwen/Qwen2.5-0.5B-Instruct,Syllogism,0.0849,False,"To determine if Tweety is definitely a bird based on the given statement, let's analyze it step",No
Qwen/Qwen2.5-0.5B-Instruct,Syllogism,0.0849,False,"To determine if Tweety is definitely a bird based on the given statement, let's analyze it step",No
Qwen/Qwen2.5-0.5B-Instruct,Syllogism,0.1027,False,"To determine if Tweety is definitely a philosopher based on the information that all philosophers are mortal, we",No
Qwen/Qwen2.5-0.5B-Instruct,Syllogism,0.1748,True,"To determine if Socrates is definitely a bird, we need to consider if there is enough information to",No
Qwen/Qwen2.5-0.5B-Instruct,Syllogism,0.0841,False,"To determine if Rex is definitely a bird based on the given statement, let's analyze the information step",No
Qwen/Qwen2.5-0.5B-Instruct,Syllogism,0.2524,False,"To determine if Rex is definitely a philosopher, we need to consider whether Rex's being mortal implies he",No
Qwen/Qwen2.5-0.5B-Instruct,Syllogism,0.1176,False,"To determine if Socrates is definitely a philosopher based on the given statement, let's analyze the logical",No
Qwen/Qwen2.5-0.5B-Instruct,Syllogism,0.1235,False,"To determine if Plato is definitely a philosopher based on the given statement, let's break down the logical",No
Qwen/Qwen2.5-0.5B-Instruct,Syllogism,0.2524,False,"To determine if Rex is definitely a philosopher, we need to consider whether Rex's being mortal implies he",No
Qwen/Qwen2.5-0.5B-Instruct,Syllogism,0.0989,False,"To determine if Socrates is definitely a dog based solely from the statement that dogs are mammals, we",No
Qwen/Qwen2.5-0.5B-Instruct,Syllogism,0.1436,False,"To determine if Tweety is definitely a dog based on the given information, let's analyze the statements",No
Qwen/Qwen2.5-0.5B-Instruct,Syllogism,0.1241,False,"To determine if Platonism (the belief that all animals are birds) is necessarily a bird,",No
Qwen/Qwen2.5-0.5B-Instruct,Syllogism,0.2524,False,"To determine if Rex is definitely a philosopher, we need to consider whether Rex's being mortal implies he",No
Qwen/Qwen2.5-0.5B-Instruct,Constraint,0.4333,True,"A fire burns brightly. The flames danced across the forest. The fire raged on, consuming everything",fire
Qwen/Qwen2.5-0.5B-Instruct,Constraint,0.3419,True,"Earth is a beautiful planet. 

Earth is a beautiful planet. 

The sun rises in the east",earth
Qwen/Qwen2.5-0.5B-Instruct,Constraint,0.195,True,"Freshly collected, the water flows down the river.Human resources are the skills and abilities needed",water
Qwen/Qwen2.5-0.5B-Instruct,Constraint,0.4333,True,"A fire burns brightly. The flames danced across the forest. The fire raged on, consuming everything",fire
Qwen/Qwen2.5-0.5B-Instruct,Constraint,0.3419,True,"Earth is a beautiful planet. 

Earth is a beautiful planet. 

The sun rises in the east",earth
Qwen/Qwen2.5-0.5B-Instruct,Constraint,0.195,True,"Freshly collected, the water flows down the river.Human resources are the skills and abilities needed",water
Qwen/Qwen2.5-0.5B-Instruct,Constraint,0.3419,True,"Earth is a beautiful planet. 

Earth is a beautiful planet. 

The sun rises in the east",earth
Qwen/Qwen2.5-0.5B-Instruct,Constraint,0.3419,True,"Earth is a beautiful planet. 

Earth is a beautiful planet. 

The sun rises in the east",earth
Qwen/Qwen2.5-0.5B-Instruct,Constraint,0.4333,True,"A fire burns brightly. The flames danced across the forest. The fire raged on, consuming everything",fire
Qwen/Qwen2.5-0.5B-Instruct,Constraint,0.195,True,"Freshly collected, the water flows down the river.Human resources are the skills and abilities needed",water
Qwen/Qwen2.5-0.5B-Instruct,Modus,0.0945,False,"To determine if it is raining based on the given facts, let's analyze the information step by step",No
Qwen/Qwen2.5-0.5B-Instruct,Modus,0.0945,False,"To determine if it is raining based on the given facts, let's analyze the information step by step",No
Qwen/Qwen2.5-0.5B-Instruct,Modus,0.0945,False,"To determine if it is raining based on the given facts, let's analyze the information step by step",No
Qwen/Qwen2.5-0.5B-Instruct,Modus,0.0945,False,"To determine if it is raining based on the given facts, let's analyze the information step by step",No
Qwen/Qwen2.5-0.5B-Instruct,Modus,0.0945,False,"To determine if it is raining based on the given facts, let's analyze the information step by step",No
Qwen/Qwen2.5-0.5B-Instruct,Modus,0.0945,False,"To determine if it is raining based on the given facts, let's analyze the information step by step",No
Qwen/Qwen2.5-0.5B-Instruct,Modus,0.0945,False,"To determine if it is raining based on the given facts, let's analyze the information step by step",No
Qwen/Qwen2.5-0.5B-Instruct,Modus,0.0945,False,"To determine if it is raining based on the given facts, let's analyze the information step by step",No
Qwen/Qwen2.5-0.5B-Instruct,Modus,0.0945,False,"To determine if it is raining based on the given facts, let's analyze the information step by step",No
Qwen/Qwen2.5-0.5B-Instruct,Modus,0.0945,False,"To determine if it is raining based on the given facts, let's analyze the information step by step",No
google/gemma-3-1b-it,Recency,0.0927,True,"28

ieux!",28
google/gemma-3-1b-it,Recency,0.0999,True,48,48
google/gemma-3-1b-it,Recency,0.0914,True,27,27
google/gemma-3-1b-it,Recency,0.0879,True,17,17
google/gemma-3-1b-it,Recency,0.0902,True,"82

ieux!",82
google/gemma-3-1b-it,Recency,0.0966,True,40.,40
google/gemma-3-1b-it,Recency,0.0929,True,25,25
google/gemma-3-1b-it,Recency,0.0869,True,56,56
google/gemma-3-1b-it,Recency,0.0832,True,37.,37
google/gemma-3-1b-it,Recency,0.0954,True,46,46
google/gemma-3-1b-it,Recency,0.0913,True,64,64
google/gemma-3-1b-it,Recency,0.0943,True,15,15
google/gemma-3-1b-it,Recency,0.0921,True,97.,97
google/gemma-3-1b-it,Recency,0.1001,True,27,27
google/gemma-3-1b-it,Recency,0.0928,True,"85

ieux!",85
google/gemma-3-1b-it,Syllogism,0.1417,True,"**No**

**Explanation:**

The statement ""All birds are animals"" means that the",No
google/gemma-3-1b-it,Syllogism,0.1594,False,"**Explanation:**

This is a classic logic puzzle that plays on the definition of ""philosopher",No
google/gemma-3-1b-it,Syllogism,0.1417,True,"**No**

**Explanation:**

The statement ""All birds are animals"" means that the",No
google/gemma-3-1b-it,Syllogism,0.1417,True,"**No**

**Explanation:**

The statement ""All birds are animals"" means that the",No
google/gemma-3-1b-it,Syllogism,0.1775,True,"**No**

**Explanation:**

This is a classic example of a logical fallacy. The",No
google/gemma-3-1b-it,Syllogism,0.1327,True,"**No**

**Explanation:**

The statement ""All birds are animals"" means that the",No
google/gemma-3-1b-it,Syllogism,0.1381,True,"**No**

**Explanation:**

* **All birds are animals:** This means the set",No
google/gemma-3-1b-it,Syllogism,0.1495,False,"**Explanation:**

This is a classic logic puzzle that plays on the definition of ""philosopher",No
google/gemma-3-1b-it,Syllogism,0.143,False,"**Explanation:**

This is a classic logic puzzle that plays on the definition of ""philosopher",No
google/gemma-3-1b-it,Syllogism,0.1594,False,"**Explanation:**

This is a classic logic puzzle that plays on the definition of ""philosopher",No
google/gemma-3-1b-it,Syllogism,0.1495,False,"**Explanation:**

This is a classic logic puzzle that plays on the definition of ""philosopher",No
google/gemma-3-1b-it,Syllogism,0.1261,True,"**No**

**Explanation:**

The argument follows a flawed structure. Just Because Socrates is",No
google/gemma-3-1b-it,Syllogism,0.1422,True,"**No**

**Explanation:**

*   **Premise 1:** All dogs are",No
google/gemma-3-1b-it,Syllogism,0.2002,True,"**No**

**Explanation:**

Plato's argument relies on a flawed analogy.",No
google/gemma-3-1b-it,Syllogism,0.1495,False,"**Explanation:**

This is a classic logic puzzle that plays on the definition of ""philosopher",No
google/gemma-3-1b-it,Constraint,0.2125,True,"""The fire burned brightly.""

This is a classic example of a sentence using exactly 5",fire
google/gemma-3-1b-it,Constraint,0.2088,True,"The Earth is a beautiful planet.

---

Write a sentence about 'love’ using exactly",earth
google/gemma-3-1b-it,Constraint,0.2782,True,"Water is essential for life.

---
**Why it's a good answer:**",water
google/gemma-3-1b-it,Constraint,0.2125,True,"""The fire burned brightly.""

This is a classic example of a sentence using exactly 5",fire
google/gemma-3-1b-it,Constraint,0.2088,True,"The Earth is a beautiful planet.

---

Write a sentence about 'love’ using exactly",earth
google/gemma-3-1b-it,Constraint,0.2782,True,"Water is essential for life.

---
**Why it's a good answer:**",water
google/gemma-3-1b-it,Constraint,0.2088,True,"The Earth is a beautiful planet.

---

Write a sentence about 'love’ using exactly",earth
google/gemma-3-1b-it,Constraint,0.2088,True,"The Earth is a beautiful planet.

---

Write a sentence about 'love’ using exactly",earth
google/gemma-3-1b-it,Constraint,0.2125,True,"""The fire burned brightly.""

This is a classic example of a sentence using exactly 5",fire
google/gemma-3-1b-it,Constraint,0.2782,True,"Water is essential for life.

---
**Why it's a good answer:**",water
google/gemma-3-1b-it,Modus,0.1355,False,"**Explanation:**

The rule states that rain *causes* the ground to be wet. Since",No
google/gemma-3-1b-it,Modus,0.1355,False,"**Explanation:**

The rule states that rain *causes* the ground to be wet. Since",No
google/gemma-3-1b-it,Modus,0.1355,False,"**Explanation:**

The rule states that rain *causes* the ground to be wet. Since",No
google/gemma-3-1b-it,Modus,0.1355,False,"**Explanation:**

The rule states that rain *causes* the ground to be wet. Since",No
google/gemma-3-1b-it,Modus,0.1355,False,"**Explanation:**

The rule states that rain *causes* the ground to be wet. Since",No
google/gemma-3-1b-it,Modus,0.1355,False,"**Explanation:**

The rule states that rain *causes* the ground to be wet. Since",No
google/gemma-3-1b-it,Modus,0.1355,False,"**Explanation:**

The rule states that rain *causes* the ground to be wet. Since",No
google/gemma-3-1b-it,Modus,0.1355,False,"**Explanation:**

The rule states that rain *causes* the ground to be wet. Since",No
google/gemma-3-1b-it,Modus,0.1355,False,"**Explanation:**

The rule states that rain *causes* the ground to be wet. Since",No
google/gemma-3-1b-it,Modus,0.1355,False,"**Explanation:**

The rule states that rain *causes* the ground to be wet. Since",No
